id,title,score,num_comments,author,created_utc,url,over_18,edited,spoiler,stickied
1ksrydm,"When i was a Data Analyst i enjoyed life, when i transitioned to Data Engineer i feel like i aged 10 years in a year",185,83,HMZ_PBI,2025-05-22 14:21:43,https://www.reddit.com/r/dataengineering/comments/1ksrydm/when_i_was_a_data_analyst_i_enjoyed_life_when_i/,False,False,False,False
1ksifmz,[Meta] Feels like there's a noticeable rise in low effort content by fresh accounts,36,14,Captain_Strudels,2025-05-22 04:50:31,https://www.reddit.com/r/dataengineering/comments/1ksifmz/meta_feels_like_theres_a_noticeable_rise_in_low/,False,False,False,False
1ksnoaa,I never use OOP or functional approach in my pipelines. Its just neatly organized procedural programming. Should i change my approach(details in the comments)?,28,10,PrideVisual8921,2025-05-22 10:50:39,https://www.reddit.com/r/dataengineering/comments/1ksnoaa/i_never_use_oop_or_functional_approach_in_my/,False,False,False,False
1ksokxd,Why are there two Apache Spark k8s Operators??,27,13,menishmueli,2025-05-22 11:43:37,https://www.reddit.com/r/dataengineering/comments/1ksokxd/why_are_there_two_apache_spark_k8s_operators/,False,False,False,False
1kszdqn,Claude Opus 4 is better than any other popular model at SQL generation,14,7,itty-bitty-birdy-tb,2025-05-22 19:20:34,https://www.reddit.com/r/dataengineering/comments/1kszdqn/claude_opus_4_is_better_than_any_other_popular/,False,False,False,False
1ksw491,I don’t know how Dev & Prod environments work in Data Engineering,22,16,Reddit-Kangaroo,2025-05-22 17:09:32,https://www.reddit.com/r/dataengineering/comments/1ksw491/i_dont_know_how_dev_prod_environments_work_in/,False,False,False,False
1ksukyo,Don’t Let Apache Iceberg Sink Your Analytics: Practical Limitations in 2025,13,1,jakozaur,2025-05-22 16:08:15,https://quesma.com/blog-detail/apache-iceberg-practical-limitations-2025,False,False,False,False
1ksrnzf,Looking for fellow Data Engineers to learn and discuss with (Not a mentorship),8,6,Significant_Corner41,2025-05-22 14:09:29,https://www.reddit.com/r/dataengineering/comments/1ksrnzf/looking_for_fellow_data_engineers_to_learn_and/,False,False,False,False
1ksyj2m,Best practice for scd type 2,7,5,Constant-Gear1206,2025-05-22 18:46:05,https://www.reddit.com/r/dataengineering/comments/1ksyj2m/best_practice_for_scd_type_2/,False,False,False,False
1kt2uwh,feeling anxious as a DE with 10 YOE,6,5,Aggressive-Practice3,2025-05-22 21:42:50,https://www.reddit.com/r/dataengineering/comments/1kt2uwh/feeling_anxious_as_a_de_with_10_yoe/,False,False,False,False
1ksrajo,Data career advice: compensation boost and skill prioritization,3,8,peteer76,2025-05-22 13:53:59,https://www.reddit.com/r/dataengineering/comments/1ksrajo/data_career_advice_compensation_boost_and_skill/,False,False,False,False
1kt1mqm,Should I Stick With Data Engineering or Explore Backend?,3,6,Leather-Band2983,2025-05-22 20:51:39,https://www.reddit.com/r/dataengineering/comments/1kt1mqm/should_i_stick_with_data_engineering_or_explore/,False,False,False,False
1ksmb9c,How to timeout apprun fastapi ?,2,0,Resident_Set204,2025-05-22 09:19:32,https://www.reddit.com/r/dataengineering/comments/1ksmb9c/how_to_timeout_apprun_fastapi/,False,False,False,False
1kt2w5f,Small Business / Professional Services,1,0,UltraInstinctAussie,2025-05-22 21:44:19,https://www.reddit.com/r/dataengineering/comments/1kt2w5f/small_business_professional_services/,False,False,False,False
1kt1o3b,Managing Priorities and Workloads,1,0,EvilDrCoconut,2025-05-22 20:53:12,https://www.reddit.com/r/dataengineering/comments/1kt1o3b/managing_priorities_and_workloads/,False,False,False,False
1kt0tjr,Imma Crazy?,1,2,Ill_Watch4009,2025-05-22 20:19:09,https://www.reddit.com/r/dataengineering/comments/1kt0tjr/imma_crazy/,False,False,False,False
1ksumg4,"My 3rd PyPI package: ""BrightData"" for Scalable, Production-Ready Scraping Pipelines",1,2,karaposu,2025-05-22 16:09:59,https://www.reddit.com/r/dataengineering/comments/1ksumg4/my_3rd_pypi_package_brightdata_for_scalable/,False,False,False,False
1ksu7nd,Best practices for exporting large datasets (30M+ records) from DBMS to S3 using python?,1,5,VariousReading3349,2025-05-22 15:53:45,https://www.reddit.com/r/dataengineering/comments/1ksu7nd/best_practices_for_exporting_large_datasets_30m/,False,False,False,False
1kst9ra,"Scrape, Cache and Share",1,0,arnaupv,2025-05-22 15:15:24,https://www.reddit.com/r/dataengineering/comments/1kst9ra/scrape_cache_and_share/,False,False,False,False
1ksj002,"Small win, big impact",0,4,Data-Sleek,2025-05-22 05:26:09,https://www.reddit.com/r/dataengineering/comments/1ksj002/small_win_big_impact/,False,False,False,False
1ksfr8y,why still so many data team use airflow rather than dophinscheduler?,0,12,DeliveryCandid3093,2025-05-22 02:20:03,https://www.reddit.com/r/dataengineering/comments/1ksfr8y/why_still_so_many_data_team_use_airflow_rather/,False,False,False,False
